S No,Product Name,Category,Available Sizes,Description,Ingredients,Nutritional Information,Country of Origin,Storage Instructions,Benefits,Manufacturer Details,Pack Size,FSSAI Number,SKU Code
1,Pavithram Sesame Oil,Edible Oil,"200ml, 500ml, 1L, 2L,5L","Pavithram Sesame Oil is made from carefully selected sesame seeds and processed under strict quality standards to retain its natural aroma, flavour, and nutritional value. Ideal for traditional South Indian cooking, pickles, and everyday use.",100% Sesame Oil,"Energy: 884 kcal, Total Fat: 100g, Saturated Fat: 14g, Monounsaturated Fat: 40g, Polyunsaturated Fat: 42g, Carbohydrates: 0g, Protein: 0g, Cholesterol: 0mg (per 100g)",India,"Store in a cool, dry place away from direct sunlight. Keep container tightly closed after use.",• Rich in natural antioxidants • Suitable for traditional cooking • Enhances flavour and aroma • Contains healthy fats • Ideal for pickles and South Indian dishes,"Pavithram Foods Pvt. Ltd., Kerala, India ",1 Litre,,
2,Pavithram roasted coconut oil,Edible Oil,"200ml, 500ml, 1L, 2L, 5L","Pavithram Coconut Oil is a premium-quality, 100% pure coconut oil. Naturally rich in nutrients and aroma, it is ideal for cooking, hair care, and skincare, offering purity and trusted quality .",100% Coconut Oil,"Energy: 897 kcal, Total Fat: 99.7g, Saturated Fat: 91.7g, Monounsaturated Fat: 6.3g, Polyunsaturated Fat: 1.8 g, Carbohydrates: 0g, Protein: 0g, Cholesterol: 0mg (per 100g)",India,"Store in a cool, dry place away from direct sunlight. Keep container tightly closed after use.","•Rich in natural healthy fats• Suitable for everyday cooking• Enhances flavour and aroma
• Supports traditional recipes","Pavithram Foods Pvt. Ltd., Kerala, India ",,,
3,Mustard oil,Edible Oil,"200ml, 400 ml , 500ml, 1L, 2L ,5L","Pavithram Mustard Oil is a premium, traditional cooking oil made from high-quality mustard seeds, offering a pungent aroma and sharp, authentic flavor",100% Mustard Oil,"Energy: 884 kcal, Total Fat: 100g, Saturated Fat: 11.6g, Monounsaturated Fat: 59.2g, Polyunsaturated Fat: 21.2g, Carbohydrates: 0g, Protein: 0g, Cholesterol: 0mg (per 100g)",India,"Store in a cool, dry place away from direct sunlight. Keep container tightly closed after use.",•Rich in natural antioxidants • Suitable for cooking and pickling • Enhances flavour and aroma • Contains healthy fats • Ideal for traditional Indian dishes,"Pavithram Foods Pvt. Ltd., Kerala, India ",,,
4,Rice bran oil,Edible Oil,"200ml, 500ml, 1L, 2L","Pavithram Rice Bran Oil is a heart-healthy, physically refined cooking oil extracted from the nutrient-dense outer brown layer of rice (the bran). Known for its mild flavor and high smoke point.",100% Rice bran oil,"Energy: 900 kcal, Total Fat: 100g, Saturated Fat : 24g, Monounsaturated Fat: 42g, Polyunsaturated Fat: 34 g, Carbohydrates: 0g, Protein: 0g, Cholesterol: 0mg (per 100g)",India,"Store in a cool, dry place away from direct sunlight. Keep container tightly closed after use.",• Rich in antioxidants• Light and neutral taste• Contains healthy fats• Versatile for various dishes• Suitable for everyday cooking,"Pavithram Foods Pvt. Ltd., Kerala, India ",,,
5,Cold pressed coconut oil,Edible Oil, 1L,"Pavithram Virgin Coconut Oil is  pure oil extracted from fresh coconut milk . Known for its mild, natural aroma and rich nutritional profile, it is widely used  for healthy cooking, massages, deep hair conditioning, and natural skin moisturizing.",100% Coconut Oil,"Energy: 897 kcal, Total Fat: 99.7g, Saturated Fat: 91.7g, Monounsaturated Fat: 6.3g, Polyunsaturated Fat: 1.8 g, Carbohydrates: 0g, Protein: 0g, Cholesterol: 0mg (per 100g)",India,"Store in a cool, dry place away from direct sunlight. Keep container tightly closed after use.",• Rich in natural antioxidants• Cold-pressed to retain purity• Contains healthy fats• Enhances flavour and aroma• Suitable for cooking and wellness use,"Pavithram Foods Pvt. Ltd., Kerala, India ",,,
6,Groundnut oil,Edible Oil," 500ml, 1L","Pavithram Groundnut Oil is a premium, pure cooking oil extracted from high-quality, hand-picked groundnuts, it is a heart-healthy, cholesterol-free oil rich in monounsaturated fats and natural antioxidants",100% Groundnut  Oil,"Energy: 884 kcal, Total Fat: 99.7g, Saturated Fat: 24g, Monounsaturated Fat: 43g, Polyunsaturated Fat: 33g, Carbohydrates: 0g, Protein: 0g, Cholesterol: 0mg (per 100g)",India,"Store in a cool, dry place away from direct sunlight. Keep container tightly closed after use.",Naturally rich in healthy fats• Light and versatile for cooking• Adds a mild nutty flavour• Suitable for high-heat cooking• Ideal for daily use,"Pavithram Foods Pvt. Ltd., Kerala, India ",,,
7,Sunflower oil ,Edible Oil,"750ml, 2L, 5L",Pavithram Sunflower Oil is processed from quality sunflower seeds under strict quality standards to deliver a light taste and consistent quality. Suitable for everyday cooking and a variety of culinary applications.,Sunflower oil,,India,"Store in a cool, dry place away from direct sunlight. Keep container tightly closed after use.",• Light and versatile oil • Suitable for everyday cooking • Mild taste and aroma • Consistent quality • Ideal for various recipes,"Pavithram Foods Pvt. Ltd., Kerala, India ",,,
8,Neem oil,Non edible oil,100 ml,Pavithram Neem Oil is prepared from quality neem seeds and processed to maintain its natural properties and purity. Suitable for traditional and external applications.,Neem oil,,India,"Store in a cool, dry place away from direct sunlight. Keep container tightly closed after use.",• Made from quality neem seeds • Traditional utility oil • Processed for purity  • Suitable for various applications,"Pavithram Foods Pvt. Ltd., Kerala, India ",,,
9,Eucalptus oil,Non edible oil,100 ml,Pavithram Eucalyptus Oil is extracted from quality eucalyptus leaves and processed under strict quality standards to ensure purity and freshness. Suitable for traditional and external use.,Eucalyptus oil,,India,"Store in a cool, dry place away from direct sunlight. Keep container tightly closed after use.",Refreshing natural aroma • Processed for purity • Easy to use • Traditional utility oil • Suitable for external applications,"Pavithram Foods Pvt. Ltd., Kerala, India ",,,
10,Cold pressed sesame oil,Edible Oil," 500ml, 1L",Pavithram Cold Pressed Sesame Oil is extracted from premium-quality sesame seeds using the cold-press method to retain its natural flavour and aroma. Ideal for traditional cooking and everyday use.,Sesame oil,,India,"Store in a cool, dry place away from direct sunlight. Keep container tightly closed after use.",• Cold pressed for natural goodness • Rich in natural antioxidants • Enhances flavour and aroma • Contains healthy fats • Ideal for traditional cooking,"Pavithram Foods Pvt. Ltd., Kerala, India ",,,
11,Cold pressed groundnut oil,Edible Oil," 500ml, 1L",Pavithram Cold Pressed Groundnut Oil is extracted from quality groundnuts using the cold-press method to preserve its natural taste and aroma. Suitable for everyday cooking and traditional recipes.,Groundnut oil,,India,"Store in a cool, dry place away from direct sunlight. Keep container tightly closed after use.",• Cold pressed for natural goodness • Rich in natural antioxidants • Contains healthy fats • Mild nutty flavour • Suitable for everyday cooking,"Pavithram Foods Pvt. Ltd., Kerala, India ",,,
12,Lamp oil,Non edible oil,1 L,"Pavithram Lamp Oil is specially formulated, non-edible oil. Designed specifically for traditional rituals which bring peace, health, and positive energy.",Rice bran oil,-,India,"Store in a cool, dry place away from direct sunlight. Keep container tightly closed after use.",•Clean and steady burning• Suitable for daily rituals        • Helps maintain a bright flame• Easy to use,"Pavithram Foods Pvt. Ltd., Kerala, India ",,,
13,Cow ghee,Edible,"100ml,200ml, 500ml, 1L","Pavithram Cow Ghee is  traditionally prepared clarified butter known for its rich aroma, golden color, and granular texture.",Milk fat,"Energy: 897 kcal, Total Fat: 99.70g,  Carbohydrates: 0g, Protein: 0g, Cholesterol: 0mg (per 100g)",India,"Store in a cool, dry place away from direct sunlight. Keep container tightly closed after use.",•Rich in healthy fats• Supports a balanced diet • Easy to digest• Provides natural energy.,"Pavithram Foods Pvt. Ltd., Kerala, India ",,,
14,Puttupodi,Breakfast products,1 kg,Pavithram Puttupodi is made from carefully selected rice and processed to deliver the perfect texture for soft and delicious puttu. Ideal for traditional breakfast preparations.,white rice flour,"Energy: 145 kcal, Total Fat:0.5g,  Carbohydrates: 32g, Protein: 3g, Cholesterol: 0mg ,sodium 0:mg,Dietary fiber :1 g ,(per serving)",India,"Store in a cool, dry place away from direct sunlight.",• Made from quality rice • Easy to prepare • Delivers soft texture • Ideal for breakfast • Suitable for traditional recipes,"Pavithram Foods Pvt. Ltd., Kerala, India ",,,
15,Roasted Rava,Breakfast products,1 kg,"Pavithram Roasted Rava is carefully roasted for convenience and consistent quality. Perfect for preparing upma, kesari, and other traditional dishes.",wheat,"Energy: 349 kcal, Total Fat:1g,  Carbohydrates: 75g, Protein: 10g, Cholesterol: 0mg ,sodium 21:mg,Dietary fiber :1 g ,(per 100g)",India,"Store in a cool, dry place away from direct sunlight.",• Ready to use • Saves preparation time • Consistent texture • Versatile ingredient • Ideal for traditional dishes,"Pavithram Foods Pvt. Ltd., Kerala, India ",,,
16,Appam Podi,Breakfast products,1 kg,Pavithram Appam Podi is made from quality rice and finely processed to help prepare soft and fluffy appams. Ideal for authentic breakfast recipes.,white rice flour,"Energy: 145 kcal, Total Fat:0.5g, Saturated fat : 0g,Trans fat: 0 mg  Carbohydrates: 32g, Protein: 3g, Cholesterol: 0mg ,sodium: 0 mg,Dietary fiber :1 g (per serving)",India,"Store in a cool, dry place away from direct sunlight.",• Made from selected rice • Easy to prepare • Helps achieve soft appams • Consistent quality • Ideal for breakfast recipes,"Pavithram Foods Pvt. Ltd., Kerala, India ",,,
17,Pathiri/Idiyappam Podi,Breakfast products,1 kg,Pavithram Pathiri/Idiyappam Podi is finely milled from selected rice to ensure smooth texture and excellent results. Suitable for preparing soft pathiris and idiyappams.,white rice flour,"Energy: 145 kcal, Total Fat:0.5g, Saturated fat : 0g,Trans fat: 0 mg  Carbohydrates: 32g, Protein: 3g, Cholesterol: 0mg ,sodium: 0 mg,Dietary fiber :1 g (per serving)",India,"Store in a cool, dry place away from direct sunlight.",• Finely processed rice flour • Easy to prepare • Delivers smooth texture • Suitable for traditional dishes • Ideal for everyday use,"Pavithram Foods Pvt. Ltd., Kerala, India ",,,
18,Roasted Red Rice Flour,Breakfast products,1 kg,Pavithram Roasted Red Rice Flour is prepared from premium red rice and roasted to enhance its flavour and usability. Ideal for traditional Kerala recipes.,Red rice flour,,India,"Store in a cool, dry place away from direct sunlight.",• Made from quality red rice • Rich in natural goodness   • Convenient to use  • Suitable for various recipes,"Pavithram Foods Pvt. Ltd., Kerala, India ",,,
19,UnRoasted White Rice Flour,Breakfast products,1 kg,Pavithram UnRoasted White Rice Flour is finely ground from selected rice to maintain its natural quality and freshness. Suitable for a variety of traditional dishes.,white rice flour,,India,"Store in a cool, dry place away from direct sunlight.",• Finely milled for consistency • Versatile ingredient • Easy to use • Suitable for traditional recipes • Ideal for everyday cooking,"Pavithram Foods Pvt. Ltd., Kerala, India ",,,
20,White Corn Flour,Breakfast products,1 kg,"Pavithram White Corn Flour is made from carefully selected corn and finely processed for consistent quality. Ideal for baking, cooking, and thickening recipes.",Corn flour,,India,"Store in a cool, dry place away from direct sunlight.",• Finely processed texture • Versatile ingredient • Suitable for baking and cooking • Easy to use • Consistent quality,"Pavithram Foods Pvt. Ltd., Kerala, India ",,,
21,Idly Rava,Breakfast products,1 kg,Pavithram Idly Rava is processed from quality rice to help prepare soft and fluffy idlis. A convenient choice for everyday breakfast preparation.,Idli rava,"Energy: 145 kcal, Total Fat:0.3g, Saturated fat : 0.1g,Trans fat:0 g, Carbohydrates: 32g, Protein:3g, Cholesterol: 0mg ,sodium: 0mg ,Dietary fiber : 0.5g Total sugar :0g (per serving)",India,"Store in a cool, dry place away from direct sunlight.",• Helps prepare soft idlis • Easy to use • Consistent texture • Suitable for breakfast recipes • Ideal for everyday cooking,"Pavithram Foods Pvt. Ltd., Kerala, India ",,,
22,Samba Wheat Rava,Breakfast products,1 kg,Pavithram Samba Wheat Rava is made from selected wheat grains and processed under quality standards. Ideal for wholesome breakfast and meal preparations.,Wheat,"Energy: 145 kcal, Total Fat:0.8g, Saturated fat : 0.2g,Trans fat:0 g, Carbohydrates: 29 g, Protein:5g, Cholesterol: 0mg ,sodium: 5 mg ,Dietary fiber :4 g Total sugar :1g (per serving)",India,"Store in a cool, dry place away from direct sunlight.",• Made from quality wheat • Rich in natural goodness • Versatile ingredient • Suitable for traditional dishes • Ideal for daily use,"Pavithram Foods Pvt. Ltd., Kerala, India ",,,
23,Upma Rava,Breakfast products,1 kg,Pavithram Upma Rava is carefully processed for a uniform texture and great taste. Perfect for preparing delicious upma and other savoury dishes.,Wheat,,India,"Store in a cool, dry place away from direct sunlight.",• Consistent grain texture • Easy to prepare • Versatile ingredient • Suitable for savoury dishes • Ideal for breakfast recipes,"Pavithram Foods Pvt. Ltd., Kerala, India ",,,
24,Idly Flour,Breakfast products,1 kg,Pavithram Idly Flour is finely ground from quality ingredients to ensure soft and fluffy idlis. Suitable for convenient home cooking.,"Rice, urad dal,fenugreek","Energy: 140 kcal, Total Fat:0.6g, Saturated fat : 0.1g,Trans fat:0 g, Carbohydrates: 28g, Protein: 5g, Cholesterol: 0mg ,sodium: 5 mg ,Dietary fiber :2 g Total sugar :0g (per serving)",India,"Store in a cool, dry place away from direct sunlight.",•Easy to prepare • Helps achieve soft idlis • Consistent quality • Suitable for breakfast recipes • Convenient for everyday use,"Pavithram Foods Pvt. Ltd., Kerala, India ",,,
25,Dosa Flour,Breakfast products,1 kg,Pavithram Dosa Flour is prepared from selected ingredients to deliver tasty and crispy dosas. Ideal for everyday breakfast preparations.,"Rice, urad dal,fenugreek",,India,"Store in a cool, dry place away from direct sunlight.",• Easy to prepare • Helps make crispy dosas • Consistent texture • Suitable for breakfast recipes • Convenient for daily cooking,"Pavithram Foods Pvt. Ltd., Kerala, India ",,,
26,Ragi Flour,Breakfast products,1 kg,Pavithram Ragi Flour is made from carefully selected finger millet and processed to retain its natural goodness. Suitable for a variety of traditional and healthy recipes.,Ragi,"Energy: 140 kcal, Total Fat:1 g, Saturated fat : 0.2g,Trans fat: 0 mg  Carbohydrates: 29g, Protein: 3g, Cholesterol: 0mg ,sodium : 5mg ,Dietary fiber :3.5g ,(per serving)",India,"Store in a cool, dry place away from direct sunlight.",• Made from quality finger millet • Rich in natural goodness • Versatile ingredient • Suitable for various recipes • Ideal for daily use,"Pavithram Foods Pvt. Ltd., Kerala, India ",,,
27,Whole Wheat Flour,Breakfast products,1 kg,"Pavithram Whole Wheat Flour is milled from quality wheat grains for freshness and consistency. Ideal for chapatis, rotis, and other everyday dishes.",Wheat flour,,India,"Store in a cool, dry place away from direct sunlight.",• Made from selected wheat • Finely milled for consistency • Suitable for everyday cooking • Versatile ingredient • Ideal for chapatis and rotis,"Pavithram Foods Pvt. Ltd., Kerala, India ",,,
28,Chemba Idiyappam Podi,Breakfast products,1 kg,Pavithram Chemba Idiyappam Podi is made from selected red rice and finely processed for smooth and soft idiyappams. Perfect for traditional Kerala cuisine.,Red rice flour,"Energy: 140 kcal, Total Fat:0.8 g, Saturated fat : 0.2g,Trans fat: 0 mg  Carbohydrates: 30 g, Protein: 3g, Cholesterol: 0mg ,sodium : 5mg ,Dietary fiber :2 g ,(per serving)",India,"Store in a cool, dry place away from direct sunlight.",• Made from quality red rice • Easy to prepare • Delivers soft texture • Suitable for traditional recipes • Ideal for breakfast dishes,"Pavithram Foods Pvt. Ltd., Kerala, India ",,,
29,Chemba Puttu Podi,Breakfast products,1 kg,Pavithram Chemba Puttu Podi is prepared from premium red rice to deliver authentic taste and texture. Ideal for making soft and flavourful puttu.,Red rice flour,"Energy: 140 kcal, Total Fat:0.8g, Saturated fat : 0.2g,Trans fat: 0 mg  Carbohydrates: 30g, Protein: 3g, Cholesterol: 0mg ,sodium 5:mg,Dietary fiber :2 g ,(per serving)",India,"Store in a cool, dry place away from direct sunlight.",• Made from selected red rice • Easy to prepare • Authentic taste and texture • Suitable for traditional recipes • Ideal for breakfast dishes,"Pavithram Foods Pvt. Ltd., Kerala, India ",,,
30,Red Rice Flour,Breakfast products,1 kg,Pavithram Red Rice Flour is finely ground from quality red rice and processed to maintain its natural characteristics. Suitable for a variety of traditional recipes.,Red rice flour,,India,"Store in a cool, dry place away from direct sunlight.",• Made from quality red rice • Rich in natural goodness • Versatile ingredient • Suitable for traditional recipes • Easy to use,"Pavithram Foods Pvt. Ltd., Kerala, India ",,,
31,White Rice Flour,Breakfast products,1 kg,"Pavithram White Rice Flour is made from carefully selected rice and finely milled for consistent quality. Ideal for cooking, baking, and traditional preparations.",White rice flour,,India,"Store in a cool, dry place away from direct sunlight.",• Finely milled for consistency • Versatile ingredient • Easy to use • Suitable for various recipes • Ideal for everyday cooking,"Pavithram Foods Pvt. Ltd., Kerala, India ",,,
32,Broken Wheat,Breakfast products,1 kg,"Pavithram Broken Wheat is processed from quality wheat grains for a wholesome and versatile ingredient. Suitable for porridge, upma, and other everyday dishes.",Wheat,"Energy: 385 kcal, Total Fat: 7g, Saturated fat : 1g,Trans fat: 0 mg  Carbohydrates: 68 g, Protein: 12g, Cholesterol: 0mg ,sodium : 0.02 mg,Dietary fiber :2, sodium : 0.02 g,(per 100 g)",India,"Store in a cool, dry place away from direct sunlight.",• Made from quality wheat • Versatile ingredient • Suitable for wholesome meals • Easy to prepare • Ideal for everyday use,"Pavithram Foods Pvt. Ltd., Kerala, India ",,,
33,Ragi Whole,Breakfast products,1 kg,"Pavithram Ragi Whole consists of carefully selected whole finger millet grains processed under strict quality standards. Ideal for traditional recipes, flour preparation, and wholesome meals.",Ragi,,India,"Store in a cool, dry place away from direct sunlight.",• Carefully selected grains • Rich in natural goodness • Versatile ingredient • Suitable for traditional recipes • Ideal for daily use,"Pavithram Foods Pvt. Ltd., Kerala, India ",,,
34,Lime Pickle,Pickle,400 g,Pavithram Lime Pickle is prepared using carefully selected limes and traditional spices to deliver a tangy and authentic taste. A perfect accompaniment to everyday meals.,"Lemon (45.0%), Vegetable Oil (15.0%), Salt (12.0%), Synthetic Vinegar (8.0%) Chilli Powder (5.0%), Sugar (4.0%), Ginger (3.5%), Garlic (3.0%), Mustard Seeds (2.0%), Fenugreek (1.0%), Turmeric (0.8%), Asafoetida (0.5%) , and Sodium Benzoate (0.2%) .","Energy: 102 kcal, Total Fat:2.1g, Saturated fat : 0.46g,Trans fat: 0 mg  Carbohydrates: 20g, Protein: 0.89g, Cholesterol: 0mg ,sodium 1001:mg,Dietary fiber :0.5 g ,Total sugars:.50g,Added sugars:0.10g(per serving)",India,"Store in a cool, dry place away from direct sunlight.After opening keep the container closed.",• Tangy and flavourful taste • Traditional recipe • Enhances meal experience • Ideal with rice dishes,"Pavithram Foods Pvt. Ltd., Kerala, India ",,,
35,White Lime Pickle,Pickle,400 g,Pavithram White Lime Pickle is made from quality limes and blended with selected ingredients for a distinctive flavour. Ideal for enhancing traditional meals.,"Lemon Pieces (40.0%), Sugar (15.0%), Dates (12.0%), Vegetable Oil (10.0%), Salt (8.0%), Synthetic Vinegar (6.0%) , Chilli Powder (2.5%), Ginger (2.0%), Green Chilli (1.5%), Mustard Seeds (1.0%), Fenugreek (0.8%), Turmeric (0.5%), Asafoetida (0.5%) and Sodium Benzoate (0.2%) .","Energy: 53 kcal, Total Fat:3.5g, Saturated fat : 0.5g,Trans fat: 0 mg  Carbohydrates: 5g, Protein: 0.5g, Cholesterol: 0mg ,sodium :2200mg,Dietary fiber :1 g ,Total sugars:0.5g,Added sugars:0g(per serving)",India,"Store in a cool, dry place away from direct sunlight.After opening keep the container closed.",• Distinctive flavour • Traditional preparation • Complements everyday meals • Ready to serve,"Pavithram Foods Pvt. Ltd., Kerala, India ",,,
36,Lime Hot & Sweet,Pickle,400 g,Pavithram Lime Hot & Sweet Pickle combines the tanginess of lime with a balanced blend of sweetness and spices. Perfect for adding a unique taste to meals.,"Lemon Pieces (40.0%), Sugar (15.0%), Dates (12.0%), Vegetable Oil (10.0%), Salt (8.0%), Synthetic Vinegar (6.0%) , Chilli Powder (2.5%), Ginger (2.0%), Green Chilli (1.5%), Mustard Seeds (1.0%), Fenugreek (0.8%), Turmeric (0.5%), Asafoetida (0.5%) and Sodium Benzoate (0.2%) .",,India,"Store in a cool, dry place away from direct sunlight.After opening keep the container closed.",• Sweet and tangy taste • Balanced blend of spices • Rich flavour profile • Enhances meal experience • Ideal with traditional dishes,"Pavithram Foods Pvt. Ltd., Kerala, India ",,,
37,Cut Mango pickle,Pickle,400 g,Pavithram Cut Mango Pickle is prepared from handpicked raw mangoes and traditional spices for an authentic flavour. A delicious addition to everyday dining.,"Mango Pieces (50.0%), Vegetable Oil (15.0%), Salt (12.0%), Synthetic Vinegar (8.0%), Chilli Powder (5.5%), Mustard Seeds (4.0%), Fenugreek (3.0%), Asafoetida (2.0%) , Turmeric (0.3%), and Sodium Benzoate (0.2%) .","Energy: 100.12 kcal, Total Fat:2.01g, Saturated fat : 0.47g,Trans fat: 0.1 mg  Carbohydrates: 20.05g, Protein: 0.91g, Cholesterol: 0mg ,sodium:999.87mg,Dietary fiber :0.50g ,Total sugars:.50g,Added sugars:0.10g(per serving)",India,"Store in a cool, dry place away from direct sunlight.After opening keep the container closed.",• Authentic traditional taste • Rich in flavour • Complements everyday meals • Ready to serve,"Pavithram Foods Pvt. Ltd., Kerala, India ",,,
38,Tender Mango pickle,Pickle,400 g,Pavithram Tender Mango Pickle is made from carefully selected tender mangoes and blended with aromatic spices. Ideal for traditional Kerala-style meals.,"Tender Mango (48.0%), Vegetable Oil (12.0%), Salt (12.0%), Synthetic Vinegar (10.0%) Chilli Powder (6.0%), Sugar (3.5%), Green Chilli (2.5%), Ginger (2.5%), Mustard Seeds (1.5%), Asafoetida (1.0%) , Fenugreek (0.5%), Turmeric Powder (0.3%), and Sodium Benzoate (0.2%) .","Energy:88 kcal, Total Fat:4g, Saturated fat : 0g,Trans fat: 0 mg  Carbohydrates: 12g, Protein: 1g, Cholesterol: 0mg ,sodium:2200 mg,Dietary fiber : 3g ,Total sugars:.0g,Added sugars:0g (per serving)",India,"Store in a cool, dry place away from direct sunlight.After opening keep the container closed.",• Made from tender mangoes • Traditional recipe • Rich and flavourful taste • Enhances meal experience • Ideal with every dishes,"Pavithram Foods Pvt. Ltd., Kerala, India ",,,
39,White Mango pickle,Pickle,400 g,Pavithram White Mango Pickle is crafted from quality mangoes and selected ingredients for a mild and distinctive taste. Suitable for a variety of dishes.,"MANGO PIECES,SALT,GREEN CHILLI,SESAME OIL,MUSTARD GINGER,FENUGREEK,ASAFOETIDA,TURMERIC POWDER,NON-VINEGAR,CURRY LEAVES.",,India,"Store in a cool, dry place away from direct sunlight.After opening keep the container closed.",• Made from quality mangoes • Mild and distinctive taste • Traditional preparation • Complements various dishes • Ready to serve,"Pavithram Foods Pvt. Ltd., Kerala, India ",,,
40,Ginger pickle,Pickle,400 g,Pavithram Ginger Pickle is prepared using fresh ginger and traditional spices to create a flavourful accompaniment. Perfect for enhancing everyday meals.,"Ginger (45.0%), Vegetable Oil (12.0%), Salt (11.0%), Sugar (10.0%), Synthetic Vinegar (8.0%) , Chilli Powder (6.0%), Green Chilli (3.0%), Mustard Seeds (2.0%), Asafoetida (1.5%) , Fenugreek (0.8%), Turmeric Powder (0.5%), and Sodium Benzoate (0.2%) .","Energy:54 kcal, Total Fat:2.5g, Saturated fat : 0g,Trans fat: 0 mg  Carbohydrates: 7g, Protein: 1g, Cholesterol: 0mg ,sodium:990mg,Dietary fiber :0.4g ,Total sugars:.0g,Added sugars:0.5g(per serving)",India,"Store in a cool, dry place away from direct sunlight.After opening keep the container closed.",• Made from fresh ginger • Rich and flavourful taste • Traditional recipe • Enhances meal experience • Ideal with everyday meals,"Pavithram Foods Pvt. Ltd., Kerala, India ",,,
41,Garlic pickle,Pickle,400 g,Pavithram Garlic Pickle is made from selected garlic cloves and blended with spices for a rich and savoury taste. Ideal for serving with rice and curries.,"Garlic (46.0%), Vegetable Oil (15.0%), Salt (12.0%), Synthetic Vinegar (8.0%) , Chilli Powder (7.0%), Sugar (5.5%), Mustard Seeds (3.0%), Asafoetida (2.0%) , Fenugreek (1.3%), and Sodium Benzoate (0.2%) .","Energy:180.06 kcal, Total Fat:9.97g, Saturated fat : 1.45g,Trans fat: 0.01mg  Carbohydrates: 20.04g, Protein: 2.01g, Cholesterol: 0mg ,sodium:999.85mg,Dietary fiber :0.50g ,Total sugars:.2.15g,Added sugars:0.52g(per serving)",India,"Store in a cool, dry place away from direct sunlight.After opening keep the container closed.",• Rich and savoury taste • Traditional preparation • Complements rice dishes • Ready to serve,"Pavithram Foods Pvt. Ltd., Kerala, India ",,,
42,Vadukapuli pickle,Pickle,400 g,Pavithram Vadukapuli Pickle is prepared from carefully selected tamarind and traditional ingredients for an authentic flavour. A classic accompaniment to meals.,"Vadukapuli  (45.0%), Vegetable Oil(12.0%), Salt (11.0%), Synthetic Vinegar (10.0%) , Red Chilli Powder (6.5%), Sugar (5.0%), Green Chilli (4.0%), Mustard Seeds (2.5%), Asafoetida (2.0%), Fenugreek (1.0%), Turmeric Powder (0.8%), and Sodium Benzoate (0.2%)",,India,"Store in a cool, dry place away from direct sunlight.After opening keep the container closed.",• Made from selected tamarind • Authentic traditional flavour • Rich taste profile • Enhances meal experience • Ideal with Kerala dishes,"Pavithram Foods Pvt. Ltd., Kerala, India ",,,
43,Dates pickle,Pickle,400 g,Pavithram Dates Pickle combines quality dates with selected spices to create a unique sweet and tangy taste. Perfect for festive and everyday meals.,"Seedless Dates (48.0%), Sugar (15.0%), Vegetable Oil (10.0%), Synthetic Vinegar (8.0%) , Salt (7.0%), Ginger (5.0%), Green Chilli (4.0%), Mustard Seeds (1.5%), Curry Leaves (0.8%), Turmeric Powder (0.5%), and Sodium Benzoate (0.2%).",,India,"Store in a cool, dry place away from direct sunlight.After opening keep the container closed.",• Made from quality dates • Sweet and tangy taste • Unique flavour profile • Traditional preparation • Ideal with festive meals,"Pavithram Foods Pvt. Ltd., Kerala, India ",,,
44,Coconut Chutney Powder,Pickle,400 g,"Pavithram Coconut Chutney Powder is crafted from selected ingredients and aromatic spices for authentic taste and convenience. Ideal with idli, dosa, and snacks.","Grated Coconut (50.0%), Black Gram (18.0%), Pulse (10.0%), Common Salt (6.5%), Red Chilli (5.0%), Tamarind (4.5%), Black Pepper (2.0%), Ginger Powder (1.5%), Asafoetida (1.5%) and Curry Leaves (1.0%).","Energy: 269 kcal, Total Fat:21g, Saturated fat : 18g,Trans fat: 0mg  Carbohydrates: 14g, Protein: 6g, Cholesterol: 0mg ,sodium: 480mg, Dietary fiber : 8g ,Total sugars:2 g,Added sugars:0(per serving)",India,"Store in a cool, dry place away from direct sunlight.After opening keep the container closed.",• Made from selected ingredients • Rich and aromatic flavour • Convenient to use • Ideal with breakfast dishes • Traditional taste,"Pavithram Foods Pvt. Ltd., Kerala, India ",,,
45,Idly Chutney Powder,Pickle,400 g,"Pavithram Idly Chutney Powder is prepared using quality ingredients and traditional recipes for a rich and flavourful taste. Perfect with idli, dosa, and other breakfast dishes.","Black Gram (45.0%), Bengal Gram (30.0%), Chilli Powder (12.0%), Salt (8.0%), Black Pepper (3.0%), and Asafoetida (2.0%)",,India,"Store in a cool, dry place away from direct sunlight.After opening keep the container closed.",• Made from quality ingredients • Rich and flavourful taste • Convenient to use • Ideal with idli and dosa • Traditional recipe,"Pavithram Foods Pvt. Ltd., Kerala, India ",,,
46,Kadumango pickle,Pickle,400 g,Pavithram Kadukamango Pickle is made from selected mangoes and mustard-based spices to deliver a traditional Kerala flavour. Ideal for everyday meals.,"Mango Pieces (50.0%), Vegetable Oil (13.0%), Salt (12.0%), Synthetic Vinegar (8.0%) , Chilli Powder (6.0%), Green Chilli (3.0%), Ginger (2.5%), Mustard Seeds (2.0%), Asafoetida (2.0%) , Fenugreek (1.0%), Turmeric Powder (0.3%), and Sodium Benzoate (0.2%)","Energy:102 kcal, Total Fat:2g, Saturated fat : 0.47g,Trans fat: 0mg  Carbohydrates: 20g, Protein: 0.91g, Cholesterol: 0mg ,sodium:999mg,Dietary fiber :0.50g ,Total sugars:.0.50g,Added sugars:0(per serving)",India,"Store in a cool, dry place away from direct sunlight.After opening keep the container closed.",• Traditional Kerala flavour • Rich and flavourful taste • Complements rice dishes • Ready to serve,"Pavithram Foods Pvt. Ltd., Kerala, India ",,,
47,Puliyinchi,Pickle,400 g,"Pavithram Puliyinchi is a traditional blend of ginger, tamarind, and spices prepared for a rich and authentic taste. Perfect as an accompaniment to festive and regular meals","Tamarind (35.0%), Ginger (20.0%), Jaggery (15.0%), Vegetable Oil (10.0%), Salt (7.0%), Green Chilli (4.0%), Chilli Powder (3.5%), Garlic (3.0%), Mustard Seeds (1.0%), Fenugreek (0.8%), Curry Leaves (0.4%), Turmeric Powder (0.1%), and Sodium Benzoate (0.2%)","Energy:101 kcal, Total Fat:3.5g, Saturated fat : 1.5g,Trans fat: 0mg  Carbohydrates: 14g, Protein: 1 g, Cholesterol: 0mg ,sodium:1150 mg,Dietary fiber :1.5g ,Total sugars:.9 g,Added sugars:7 g (per serving)",India,"Store in a cool, dry place away from direct sunlight.After opening keep the container closed.",• Traditional ginger preparation • Sweet and tangy taste • Rich flavour profile • Ideal with festive meals • Ready to serve,"Pavithram Foods Pvt. Ltd., Kerala, India ",,,
48,Mixed Vegetable pickle,Pickle,"400 g, 5 Kg",Pavithram Mixed Vegetable Pickle is made from a blend of carefully selected vegetables and traditional spices. Ideal for adding flavour to any meal.,"Mixed Vegetables (50.0%), Vegetable Oil (12.0%), Salt (11.0%), Synthetic Vinegar (9.0%) , Red Chilli Powder (6.0%), Green Chilli (4.0%), Mustard Seeds (3.0%), Asafoetida (2.5%) , Fenugreek (1.5%), Turmeric (0.8%), and Sodium Benzoate (0.2%).","Energy:91 kcal, Total Fat:7g, Saturated fat : 1g,Trans fat: 0mg  Carbohydrates: 6g, Protein: 1g, Cholesterol: 0mg ,sodium:1200mg,Dietary fiber :2g ,Total sugars:.1g,Added sugars:1g(per serving)",India,"Store in a cool, dry place away from direct sunlight.After opening keep the container closed.",• Made from selected vegetables • Rich blend of flavours • Traditional recipe • Complements everyday meals • Ready to serve,"Pavithram Foods Pvt. Ltd., Kerala, India ",,,
49,Lemon pickle,Pickle, 5 kg,Pavithram Lemon Pickle is prepared from carefully selected lemons and traditional spices for a tangy and flavourful experience. Ideal with rice and curries.,"Lemon (45.0%), Vegetable Oil (15.0%), Salt (12.0%), Synthetic Vinegar (8.0%) , Chilli Powder (5.0%), Sugar (4.0%), Ginger (3.5%), Garlic (3.0%), Mustard Seeds (2.0%), Asafoetida (1.2%) , Fenugreek (1.0%), Turmeric (0.1%), and Sodium Benzoate (0.2%)",,India,"Store in a cool, dry place away from direct sunlight.After opening keep the container closed.",• Tangy and flavourful taste • Traditional recipe • Enhances meal experience.,"Pavithram Foods Pvt. Ltd., Kerala, India ",,,
50,Mango pickle,Pickle,"400 g, 5 kg",Pavithram Mango Pickle is made from handpicked raw mangoes and aromatic spices to deliver authentic taste and texture. A favourite accompaniment for traditional meals.,"Mango Pieces (52.0%), Vegetable Oil (15.0%), Salt (12.0%), Synthetic Vinegar (8.0%) , Chilli Powder (6.0%), Mustard Seeds (3.5%), Fenugreek (2.0%), Asafoetida (1.3%) , and Sodium Benzoate (0.2%)",,India,"Store in a cool, dry place away from direct sunlight.After opening keep the container closed.",• Authentic traditional taste • Rich in flavour • Complements everyday meals • Ready to serve,"Pavithram Foods Pvt. Ltd., Kerala, India ",,,
51,Stawberry Jam,Jam,340 g,"Pavithram Strawberry Jam is made from quality strawberries to deliver a delicious fruity flavour and smooth texture. Perfect for bread, sandwiches, and desserts.","Sugar, Strawberry Pulp, Pectin (E440), Citric Acid (E330), Synthetic Food Colour - Sunset Yellow (E110), Carmoisin (E122)","Energy: 606 kcal, Total Fat:  0.1g,  Carbohydrates: 57g, Protein: 2g, sugars 12g,sodium 6 mg (per 100g)",India,"Store in a cool, dry place away from direct sunlight.After opening keep the container closed.",• Made from quality strawberries • Smooth and fruity taste • Easy to spread • Ideal for breakfast • Perfect for desserts,"Pavithram Foods Pvt. Ltd., Kerala, India ",,,
52,Mixed Fruit jam,Jam,340 g,"Pavithram Mixed Fruit Jam is prepared from a blend of selected fruits for a rich and delightful taste. Ideal for spreading, baking, and desserts.","Sugar, Pineapple pulp, Mango pulp, Strawberry pulp, Orange pulp, Pectin, Citric acid, Synthetic food colour (E 122), Added flavour, Class II preservative E 211.","Energy: 285 kcal, Total Fat:  0.1g,  Carbohydrates: 70  g, Protein: 2g, sugars : 13.8 g, sodium 3.2 mg (per 100g)",India,"Store in a cool, dry place away from direct sunlight.After opening keep the container closed.",• Made from selected fruits • Rich fruity flavour • Smooth texture • Easy to spread • Ideal for breakfast,"Pavithram Foods Pvt. Ltd., Kerala, India ",,,
53,Pinapple Jam,Jam,340 g,Pavithram Pineapple Jam is crafted from quality pineapples to provide a sweet and refreshing fruit flavour. Perfect for breakfast and snack preparations.,"Sugar, Pineapple pulp, Pectin (440), Acidity Regulator (330), Synthetic food colour (E102), Added flavour, Class II Preservative E211.","Energy: 309 kcal, Total Fat:  0.1g,  Carbohydrates: 77  g, Protein: 2g, sugars 70 g,sodium 1 mg (per 100g)",India,"Store in a cool, dry place away from direct sunlight.After opening keep the container closed.",• Made from quality pineapples • Sweet and refreshing taste • Smooth texture • Easy to spread • Perfect for breakfast and snacks,"Pavithram Foods Pvt. Ltd., Kerala, India ",,,
54,Kambu Pearl Millets,Millet,500 g,Pavithram Kambu (Pearl Millet) is sourced from carefully selected grains and processed under strict quality standards to retain its natural goodness. ,Kambu pearl millet,"Energy: 170 kcal, Total Fat:2 g, Saturated fat : 0.4g,Trans fat: 0 mg  Carbohydrates: 32g, Protein: 5g, Cholesterol: 0mg ,sodium: 5 mg ,Dietary fiber :4 g Total sugar :1g (per serving)",India,"Store in a cool, dry place away from direct sunlight.",• Naturally rich in fibre • Source of essential nutrients • Supports a balanced diet • Versatile for various recipes • Suitable for everyday consumption,"Pavithram Foods Pvt. Ltd., Kerala, India ",,,
55,Samai Little Millet,Millet,500 g,Pavithram Samai (Little Millet) is made from premium-quality grains and carefully processed for freshness and consistency. Ideal for preparing wholesome traditional dishes.,Samai little millet,"Energy: 160 kcal, Total Fat:2 g, Saturated fat : 0.3g,Trans fat: 0 mg  Carbohydrates: 31g, Protein: 4g, Cholesterol: 0mg ,sodium: 0 mg ,Dietary fiber :3 g Total sugar :1g (per serving)",India,"Store in a cool, dry place away from direct sunlight.",• Naturally rich in fibre • Contains essential nutrients • Easy to include in daily meals • Supports a balanced lifestyle • Suitable for traditional recipes,"Pavithram Foods Pvt. Ltd., Kerala, India ",,,
56,Varagu Kodu Millet,Millet,500 g,Pavithram Varagu (Kodo Millet) is sourced from selected grains and processed to maintain its natural quality and taste. Suitable for a variety of everyday and traditional recipes.,Varagu Kodu Millet,"Energy: 160 kcal, Total Fat:1.5 g, Saturated fat : 0.3g,Trans fat:0 g, Carbohydrates: 32g, Protein: 4g, Cholesterol: 0mg ,sodium: 5 mg ,Dietary fiber :4 g Total sugar :1g (per serving)",India,"Store in a cool, dry place away from direct sunlight.",• Naturally rich in fibre • Contains essential nutrients • Supports wholesome eating • Versatile for various dishes • Suitable for everyday use,"Pavithram Foods Pvt. Ltd., Kerala, India ",,,
57,Foxtail Millet,Millet,500 g,Pavithram Foxtail Millet is made from carefully selected grains and processed under quality standards for purity and freshness. Ideal for preparing a range of wholesome dishes.,Foxtail millet,"Energy: 165 kcal, Total Fat:2 g, Saturated fat : 0.4g,Trans fat:0 g, Carbohydrates: 31g, Protein: 5g, Cholesterol: 0mg ,sodium: 5 mg ,Dietary fiber :4 g Total sugar :1g (per serving)",India,"Store in a cool, dry place away from direct sunlight.",• Naturally rich in fibre • Source of essential nutrients • Supports a balanced diet • Easy to incorporate into meals • Suitable for daily consumption,"Pavithram Foods Pvt. Ltd., Kerala, India ",,,
58,Sorghum Millet,Millet,500 g,Pavithram Sorghum Millet is sourced from quality grains and processed to ensure consistency and freshness. Suitable for traditional recipes and everyday cooking.,Sorgham millet,"Energy: 170 kcal, Total Fat:1.5 g, Saturated fat : 0.3g,Trans fat:0 g, Carbohydrates: 34 g, Protein: 5g, Cholesterol: 0mg ,sodium: 5 mg ,Dietary fiber :3 g Total sugar :1g (per serving)",India,"Store in a cool, dry place away from direct sunlight.",• Naturally rich in fibre • Contains essential nutrients • Supports wholesome nutrition • Versatile for traditional recipes • Suitable for everyday use,"Pavithram Foods Pvt. Ltd., Kerala, India ",,,
59,Barnyard Millet,Millet,500 g,Pavithram Barnyard Millet is carefully selected and processed to retain its natural characteristics and quality. Ideal for preparing a variety of wholesome meals.,Barnyard Millet,"Energy: 160 kcal, Total Fat:1.5 g, Saturated fat : 0.3g,Trans fat:0 g, Carbohydrates: 31g, Protein: 5g, Cholesterol: 0mg ,sodium: 5 mg ,Dietary fiber :5 g Total sugar :1g (per serving)",India,"Store in a cool, dry place away from direct sunlight.",• Naturally rich in fibre • Source of essential nutrients • Supports a balanced lifestyle • Easy to prepare • Suitable for various dishes,"Pavithram Foods Pvt. Ltd., Kerala, India ",,,
60,Proso Millet,Millet,500 g,Pavithram Proso Millet is made from premium-quality grains and processed for consistent quality and freshness. Suitable for traditional and modern recipes .,Proso Millet,"Energy: 165 kcal, Total Fat:1.5 g, Saturated fat : 0.3g,Trans fat:0 g, Carbohydrates: 32 g, Protein: 5g, Cholesterol: 0mg ,sodium: 5 mg ,Dietary fiber :3 g Total sugar :1g (per serving)",India,"Store in a cool, dry place away from direct sunlight.",• Naturally rich in fibre • Contains essential nutrients • Supports wholesome eating • Versatile ingredient • Suitable for daily consumption,"Pavithram Foods Pvt. Ltd., Kerala, India ",,,
61,Ragi Millet,Millet,500 g,Pavithram Ragi Millet is sourced from carefully selected finger millet grains and processed under strict quality standards. Ideal for preparing a variety of traditional and nutritious dishes.,Ragi Millet,"Energy: 150 kcal, Total Fat:1 g, Saturated fat : 0.2g,Trans fat:0 g, Carbohydrates: 32 g, Protein: 3g, Cholesterol: 0mg ,sodium: 5 mg ,Dietary fiber :4 g Total sugar :1g (per serving)",India,"Store in a cool, dry place away from direct sunlight.",• Naturally rich in calcium and fibre • Source of essential nutrients • Supports a balanced diet • Versatile for various recipes • Suitable for everyday consumption,"Pavithram Foods Pvt. Ltd., Kerala, India ",,,
62,Madras Pappdam ,Appalam,100 g,Pavithram Madras Pappadam is made from carefully selected ingredients and processed under strict quality standards to deliver a crisp texture and authentic taste. Ideal as a traditional accompaniment to meals.,"Urad dal flour,Iodised salt,Sodium Bi-carbonate INS 500(!!),Compound asafoetida,Rice Flour.","Energy: 326 KJ, Total Fat: 2g,Saturated fat :0 g  Carbohydrates: 58g, Protein: 21g, Sodium : 1485 mg (per 100g)",India,"Store in a cool, dry place away from direct sunlight.",• Crispy and flavourful • Made from quality ingredients • Traditional recipe • Easy to prepare • Ideal with everyday meals,"Pavithram Foods Pvt. Ltd., Kerala, India ",,,
63,Pappadam,Appalam,"100 g , 200 g","Pavithram Pappadam is prepared using selected ingredients to provide a light, crispy texture and authentic taste. Perfect as a side dish for traditional meals.","URAD DAL FLOUR,RICE FLOUR,SALT,BAKING POWDER,ASAFOETIDA,VEGETABLE OIL","Energy: 326 KJ, Total Fat: 2g,Saturated fat :0.1g  Carbohydrates: 0g, Protein: 4g, Sodium : 0 g (per 100g)",India,"Store in a cool, dry place away from direct sunlight.",• Crispy texture • Traditional taste • Made from quality ingredients • Easy to prepare • Ideal for every meals.,"Pavithram Foods Pvt. Ltd., Kerala, India ",,,
64,Cumin pappad,Appalam,100 g,Pavithram Cumin Pappadam is made from quality ingredients and flavoured with cumin to deliver a distinctive taste and aroma. A perfect accompaniment to everyday meals.,"Urad Dal Flour, Rice Flour, Salt, Baking Powder, Cumin, Asafoetida, Vegetable Oil",,India,"Store in a cool, dry place away from direct sunlight.",• Flavoured with cumin • Crispy and tasty • Rich aroma • Easy to prepare • Ideal with traditional dishes,"Pavithram Foods Pvt. Ltd., Kerala, India ",,,
65,Pepper pappad,Appalam,100 g,Pavithram Pepper Pappadam is crafted using selected ingredients and pepper for a bold and flavourful taste. Perfect for enhancing everyday meals.,"Urad Dal Flour, Rice Flour, Salt, Baking Powder, Pepper, Asafoetida, Vegetable Oil",,India,"Store in a cool, dry place away from direct sunlight.",• Flavoured with pepper • Crispy texture • Rich and flavourful taste • Easy to prepare • Ideal with rice dishes,"Pavithram Foods Pvt. Ltd., Kerala, India ",,,
66,Chilly pappad,Appalam,100 g,Pavithram Chilly Pappadam is prepared with quality ingredients and chilli for a spicy and delicious flavour. Ideal as a crunchy accompaniment to meals.,"URAD DAL FLOUR,RICE FLOUR,SALT,BAKING POWDER,ASAFOETIDA,VEGETABLE OIL,CHILLI POWDER.",,India,"Store in a cool, dry place away from direct sunlight.",• Spicy and flavourful • Crispy texture • Made from quality ingredients • Easy to prepare • Ideal with traditional meals,"Pavithram Foods Pvt. Ltd., Kerala, India ",,,
67,Rice Pappad,Appalam,100 g,Pavithram Rice Pappad is made from selected rice and processed to achieve a light and crispy texture. Perfect for serving alongside a variety of dishes.,"RICE POWDER,SAGO POWDER,VEGETABLE OIL,SALT,CUMIN SEED","Energy: 35 kcal, Total Fat:0g, Saturated fat : 0g,Trans fat:0 g, Carbohydrates: 8g, Protein: 1g, Cholesterol: 0mg ,sodium: 120 mg ,Dietary fiber :0g Total sugar :0g (per serving)",India,"Store in a cool, dry place away from direct sunlight.",• Made from selected rice • Light and crispy • Traditional recipe • Easy to prepare • Suitable for everyday meals,"Pavithram Foods Pvt. Ltd., Kerala, India ",,,
68,Kappa Pappad,Appalam,100 g,Pavithram Kappa Pappad is prepared from quality tapioca and processed for a unique taste and crisp texture. Ideal for traditional Kerala-style meals.,"TAPIOCA POWDER,RICE POWDER,RED CHILLI,CUMIN SEED,SESAME SEED ,ASAFOETIDA,SALT","Energy: 35 kcal, Total Fat:0g, Saturated fat : 0g,Trans fat:0 g, Carbohydrates: 9g, Protein: 0g, Cholesterol: 0mg ,sodium: 110 mg ,Dietary fiber :0g Total sugar :0g (per serving)",India,"Store in a cool, dry place away from direct sunlight.",• Made from quality tapioca • Crispy texture • Unique traditional taste • Easy to prepare • Ideal with Kerala dishes,"Pavithram Foods Pvt. Ltd., Kerala, India ",,,
69,Spicy Rice Pappad,Appalam,100 g,Pavithram Spicy Rice Pappad is made from selected rice and blended with spices for a flavourful crunch. Perfect as a snack or meal accompaniment.,"RICE POWDER,SAGO POWDER,VEGETABLE OIL,SESAME SEED ,CHILLY POWDER, CUMIN SEED,CHILLI FLAKES","Energy: 35 kcal, Total Fat:0g, Saturated fat : 0g,Trans fat:0 g, Carbohydrates: 8g, Protein: 1g, Cholesterol: 0mg ,sodium: 140 mg ,Dietary fiber :0g Total sugar :0g (per serving)",India,"Store in a cool, dry place away from direct sunlight.",• Made from selected rice • Spicy and flavourful • Crispy texture • Easy to prepare • Ideal with meals and snacks,"Pavithram Foods Pvt. Ltd., Kerala, India ",,,
70,Rice Vadagam Stick,Vadagam,100 g,Pavithram Rice Vadagam Stick is prepared using premium-quality rice and processed to deliver a crispy texture and authentic taste. Ideal as a traditional snack or meal accompaniment.,"Rice Flour, Salt ,Cumin ,Green chilly","Energy: 10 kcal, Total Fat:0g, Saturated fat : 0g,Trans fat:0 g, Carbohydrates: 2g, Protein: 0g, Cholesterol: 0mg ,sodium: 20 mg ,Dietary fiber :0g Total sugar :0g (per serving)",India,"Store in a cool, dry place away from direct sunlight.",• Crispy texture • Traditional taste • Light and crunchy • Easy to prepare • Ideal for everyday use,"Pavithram Foods Pvt. Ltd., Kerala, India ",,,
71,Rice Vadagam Murukku,Vadagam,100 g,Pavithram Rice Vadagam Murukku is crafted from quality rice ingredients to provide a delightful crunch and traditional flavour. Perfect for everyday meals and snacks.,"Rice Flour, Salt ,Cumin ,Green chilly","Energy: 10 kcal, Total Fat:0g, Saturated fat : 0g,Trans fat:0 g, Carbohydrates: 2g, Protein: 0g, Cholesterol: 0mg ,sodium: 20 mg ,Dietary fiber :0g Total sugar :0g (per serving)",India,"Store in a cool, dry place away from direct sunlight.",• Crispy and flavourful • Traditional recipe • Delightful crunch • Easy to prepare • Ideal for snacks and meals,"Pavithram Foods Pvt. Ltd., Kerala, India ",,,
72,Sago Vadagam,Vadagam,100 g,Pavithram Sago Vadagam is produced from selected sago and processed under strict quality standards to ensure excellent taste and texture. Ideal for traditional meal preparations.,"Rice Flour,Sago , Salt ,Cumin,Asafoetida, Green chilly","Energy: 10 kcal, Total Fat:0g, Saturated fat : 0g,Trans fat:0 g, Carbohydrates: 2.5g, Protein: 0g, Cholesterol: 0mg ,sodium: 15 mg ,Dietary fiber :0g Total sugar :0g (per serving)",India,"Store in a cool, dry place away from direct sunlight.",• Light and crispy texture • Authentic traditional taste • Made with quality ingredients • Easy to prepare • Ideal with everyday meals,"Pavithram Foods Pvt. Ltd., Kerala, India ",,,
73,Tomato Vadagam,Vadagam,100 g,Pavithram Tomato Vadagam is prepared using quality ingredients and tomato to deliver a rich and distinctive flavour. Perfect as a crispy accompaniment to meals.,"Rice Flour, Tomato, Red chilly, Salt","Energy: 10 kcal, Total Fat:0g, Saturated fat : 0g,Trans fat:0 g, Carbohydrates: 2g, Protein: 0g, Cholesterol: 0mg ,sodium: 20 mg ,Dietary fiber :0g Total sugar :0g (per serving)",India,"Store in a cool, dry place away from direct sunlight.",• Rich tomato flavour • Crispy texture • Traditional preparation • Easy to prepare • Ideal with rice dishes,"Pavithram Foods Pvt. Ltd., Kerala, India ",,,
74,Omam Vadam,Vadagam,100 g,Pavithram Omam Vadam is crafted from selected ingredients and omam (ajwain) to provide a unique flavour and crisp texture. Suitable for traditional meal occasions.,"Rice Flour, Cumin Seeds,Asafoetida, Salt","Energy: 10 kcal, Total Fat:0g, Saturated fat : 0g,Trans fat:0 g, Carbohydrates: 2g, Protein: 0g, Cholesterol: 0mg ,sodium: 20 mg ,Dietary fiber :0g Total sugar :0g (per serving)",India,"Store in a cool, dry place away from direct sunlight.",• Flavoured with omam • Crispy and tasty • Traditional recipe • Easy to prepare • Ideal with everyday meals,"Pavithram Foods Pvt. Ltd., Kerala, India ",,,
75,Garlic Vadam,Vadagam,100 g,Pavithram Garlic Vadam is prepared using quality ingredients and garlic to deliver a rich and savoury flavour. Perfect as a crunchy accompaniment to traditional dishes.,"Rice Flour, Garlic, Red Chilli, Salt","Energy: 10 kcal, Total Fat:0g, Saturated fat : 0g,Trans fat:0 g, Carbohydrates: 2g, Protein: 0g, Cholesterol: 0mg ,sodium: 20 mg ,Dietary fiber :0g Total sugar :0g (per serving)",India,"Store in a cool, dry place away from direct sunlight.",• Rich garlic flavour • Crispy texture • Traditional taste • Easy to prepare • Ideal with rice dishes and meals,"Pavithram Foods Pvt. Ltd., Kerala, India ",,,
76,Urad Ghotta,Pulse,1 kg,Pavithram Urad Ghotta is processed from premium-quality whole urad beans to ensure freshness and consistency. Suitable for a variety of traditional recipes and everyday cooking.,Urad Ghotta,,India,"Store in a cool, dry place away from direct sunlight.",• Rich in plant-based protein • Source of dietary fibre • Versatile ingredient • Suitable for traditional recipes • Ideal for everyday cooking,"Pavithram Foods Pvt. Ltd., Kerala, India ",,,
77,Urad Split,Pulse,1kg,Pavithram Urad Split is prepared from quality urad beans and processed under strict quality standards. Ideal for preparing a range of traditional dishes.,Urad Split,,India,"Store in a cool, dry place away from direct sunlight.",• Rich in plant-based protein • Source of dietary fibre • Easy to cook • Suitable for various recipes • Ideal for daily use,"Pavithram Foods Pvt. Ltd., Kerala, India ",,,
78,Toor Dhal,Pulse,1 kg,Pavithram Toor Dal is sourced from quality pigeon peas and processed to maintain freshness and purity. Perfect for preparing flavourful dals and curries.,Toor Dhal,,India,"Store in a cool, dry place away from direct sunlight.",• Source of protein • Rich in natural goodness • Easy to digest • Suitable for everyday meals • Versatile ingredient,"Pavithram Foods Pvt. Ltd., Kerala, India ",,,
79,Green Moong ,Pulse,1 kg,Pavithram Green Moong is prepared from carefully sourced whole green gram and processed for quality and freshness. Ideal for traditional and wholesome recipes.,Green Moong ,,India,"Store in a cool, dry place away from direct sunlight.",• Naturally nutritious • Source of protein • Rich in dietary fibre • Suitable for various dishes • Ideal for balanced meals,"Pavithram Foods Pvt. Ltd., Kerala, India ",,,
80,Black Channa (nadan kadala),Pulse,500 g,Pavithram Black Channa is sourced from premium-quality chickpeas and processed under quality standards. Suitable for traditional Kerala dishes and everyday cooking.,Black Channa (nadan kadala),,India,"Store in a cool, dry place away from direct sunlight.",• Rich in natural goodness • Source of dietary fibre • Supports wholesome meals • Suitable for traditional recipes • Ideal for daily consumption,"Pavithram Foods Pvt. Ltd., Kerala, India ",,,
81,Chick Peas,Pulse,500 g,"Pavithram Chick Peas are carefully processed to ensure quality and consistency. Ideal for curries, salads, and a variety of recipes.",Chick Peas,,India,"Store in a cool, dry place away from direct sunlight.",• Source of protein • Rich in dietary fibre • Naturally nutritious • Versatile ingredient • Suitable for balanced meals,"Pavithram Foods Pvt. Ltd., Kerala, India ",,,
82,Urad Ghotta,Pulse,500 g,"Pavithram Green Peas are selected for quality and freshness to deliver great taste and texture. Suitable for curries, snacks, and everyday cooking.",Urad Ghotta,,India,"Store in a cool, dry place away from direct sunlight.",• Naturally nutritious • Source of essential nutrients • Rich in dietary fibre • Versatile ingredient • Ideal for everyday use,"Pavithram Foods Pvt. Ltd., Kerala, India ",,,
83,Urad Split,Pulse,500 g,"Pavithram Red Masoor Dal is processed from quality lentils to ensure freshness and purity. Ideal for preparing soups, dals, and traditional dishes.",Urad Split,,India,"Store in a cool, dry place away from direct sunlight.",• Source of protein • Rich in dietary fibre • Quick and easy to cook • Suitable for various recipes • Ideal for daily meals,"Pavithram Foods Pvt. Ltd., Kerala, India ",,,
84,Red Kidney beans (Rajma),Pulse,500 g,Pavithram Rajma is sourced from quality kidney beans and processed under strict quality standards. Perfect for traditional and contemporary recipes.,Red Kidney beans (Rajma),,India,"Store in a cool, dry place away from direct sunlight.",• Rich in natural goodness • Source of protein • Supports wholesome meals • Suitable for traditional dishes • Versatile ingredient,"Pavithram Foods Pvt. Ltd., Kerala, India ",,,
85,Horse Gram,Pulse,500 g,Pavithram Horse Gram is processed from premium-quality grains to retain freshness and natural goodness. Ideal for traditional recipes and everyday cooking.,Horse Gram,,India,"Store in a cool, dry place away from direct sunlight.",• Rich in dietary fibre • Source of essential nutrients • Naturally nutritious • Suitable for traditional recipes • Ideal for balanced meals,"Pavithram Foods Pvt. Ltd., Kerala, India ",,,
86,Mustard Seed,Pulse,100 g,"Pavithram Mustard Seeds are carefully processed to deliver freshness, aroma, and authentic flavour. Ideal for seasoning and tempering dishes.",Mustard Seed,,India,"Store in a cool, dry place away from direct sunlight.",• Rich aroma and flavour • Essential seasoning ingredient • Enhances taste • Suitable for various cuisines • Ideal for everyday cooking,"Pavithram Foods Pvt. Ltd., Kerala, India ",,,
87,Fennel,Pulse,100 g,Pavithram Fennel Seeds are selected for quality and freshness to provide a pleasant aroma and flavour. Suitable for cooking and spice blends.,Fennel,,India,"Store in a cool, dry place away from direct sunlight.",• Rich aroma and flavour • Enhances taste naturally • Versatile spice ingredient • Suitable for various recipes • Ideal for everyday use,"Pavithram Foods Pvt. Ltd., Kerala, India ",,,
88,Fenugreek,Pulse,100 g,Pavithram Fenugreek Seeds are processed under quality standards to ensure freshness and purity. Ideal for seasoning and traditional recipes.,Fenugreek,,India,"Store in a cool, dry place away from direct sunlight.",• Rich in natural goodness • Distinctive flavour • Traditional kitchen essential • Suitable for seasoning • Versatile ingredient,"Pavithram Foods Pvt. Ltd., Kerala, India ",,,
89,Sago ,Pulse,500 g,"Pavithram Sago is processed from quality ingredients to deliver consistency and freshness. Suitable for desserts, snacks, and traditional recipes.",Sago ,,India,"Store in a cool, dry place away from direct sunlight.",• Light and versatile ingredient • Easy to prepare • Suitable for various recipes • Consistent quality • Ideal for everyday use,"Pavithram Foods Pvt. Ltd., Kerala, India ",,,
90,Soya  Big,Pulse,500 g,Pavithram Soya Big is made from quality soy protein and processed for excellent texture and consistency. Suitable for a variety of dishes.,Soya  Big,,India,"Store in a cool, dry place away from direct sunlight.",•Rich source of protein • Versatile ingredient • Easy to prepare • Suitable for various dishes • Ideal for wholesome meals,"Pavithram Foods Pvt. Ltd., Kerala, India ",,,
91,Soya medium,Pulse,1 kg,"Pavithram Soya Medium is processed from quality soy protein to ensure consistency and taste. Perfect for curries, gravies, and everyday cooking.",Soya medium,,India,"Store in a cool, dry place away from direct sunlight.",• Source of protein • Easy to prepare • Versatile ingredient • Suitable for daily cooking • Ideal for balanced meals,"Pavithram Foods Pvt. Ltd., Kerala, India ",,,
92,Black Sesame Seed,Pulse,100 g,Pavithram Black Sesame Seeds are sourced from quality seeds and processed to maintain freshness and flavour. Suitable for traditional recipes and garnishing.,Black Sesame Seed,,India,"Store in a cool, dry place away from direct sunlight.",• Rich in natural goodness • Source of essential nutrients • Distinctive flavour • Suitable for various recipes • Ideal for everyday use,"Pavithram Foods Pvt. Ltd., Kerala, India ",,,
93,Green Moong Dal Split Yellow,Pulse,500 g,Pavithram Green Moong Dal Split Yellow is processed from quality green gram to ensure freshness and consistency. Suitable for a variety of traditional recipes.,Green Moong Dal Split Yellow,,India,"Store in a cool, dry place away from direct sunlight.",• Source of protein • Rich in dietary fibre • Easy to cook • Suitable for various dishes • Ideal for wholesome meals,"Pavithram Foods Pvt. Ltd., Kerala, India ",,,
94,Yellow Masoor Dal ,Pulse,500 g,"Pavithram Yellow Masoor Dal is prepared from premium-quality lentils and processed under strict quality standards. Perfect for soups, dals, and everyday cooking.",Yellow Masoor Dal ,,India,"Store in a cool, dry place away from direct sunlight.",• Naturally nutritious • Rich in dietary fibre • Quick cooking ingredient • Suitable for daily meals • Versatile ingredient,"Pavithram Foods Pvt. Ltd., Kerala, India ",,,
95,Tamarind,Tamarind,"100 g ,200 g,500 g,1 kg,2 kg","Pavithram Tamarind is sourced from quality tamarind and processed under strict quality standards to retain its natural flavour and freshness. Ideal for preparing a variety of traditional dishes, curries, and chutneys.","TAMARIND ,SODIUM CHLORIDE","Energy: 327 kcal, Total Fat: 1 g,  Carbohydrates: 0g, Protein: 4g, Cholesterol: 0mg (per 100g)",India,"Store in a cool, dry place away from direct sunlight.",• Rich and tangy flavour • Essential cooking ingredient • Enhances taste naturally • Suitable for various recipes • Ideal for everyday cooking,"Pavithram Foods Pvt. Ltd., Kerala, India ",,,
96,Kokum,Kokum,200 g,"Pavithram Kokum is sourced from quality kokum and processed to retain its natural flavour and freshness. Ideal for traditional recipes, curries, and beverages.",CAMBODGE,"Energy: 38.09 kcal, Total Fat: 2.2 g,  Carbohydrates: 13.4 g, Protein: 0.85 g, Cholesterol: 1mg, Dietary fibre 0.5 g(per 100g)",India,"Store in a cool, dry place away from direct sunlight.",• Rich and distinctive flavour • Traditional culinary ingredient • Enhances taste naturally • Suitable for various recipes • Ideal for everyday cooking,"Pavithram Foods Pvt. Ltd., Kerala, India ",,,
97,Vinegar,vinegar,"500 ml, 1 L","Pavithram Vinegar is prepared under strict quality standards to deliver consistent taste and quality. Suitable for cooking, pickling, and seasoning.","Water 95% , Acetic acid","Energy: 66 KJ, Total Fat: 0 g,  Carbohydrates: 0g, Protein: 0 g , sodium 4 mg (per 100g)",India,"Store in a cool, dry place away from direct sunlight.",• Versatile kitchen ingredient • Enhances flavour naturally • Suitable for cooking and pickling • Easy to use • Ideal for everyday recipes,"Pavithram Foods Pvt. Ltd., Kerala, India ",,,
98,Asafoetida powder,Asafoetida,"50g,100 g",Pavithram Asafoetida Powder is processed from quality ingredients to provide a strong aroma and authentic flavour. Ideal for seasoning traditional dishes.,"Asafoetida (70 %), Wheat Flour, Arabic Gum","Energy: 30 KJ, Total Fat: 0 g,  Carbohydrates: 3g, Protein: 0 g , sodium 0 mg (per 100g)",India,"Store in a cool, dry place away from direct sunlight.",• Rich aroma and flavour • Enhances taste naturally • Essential seasoning ingredient • Suitable for various cuisines • Ideal for everyday cooking,"Pavithram Foods Pvt. Ltd., Kerala, India ",,,
99,Asafoetida cake,Asafoetida ,"50 g , 100 g",Pavithram Asafoetida Cake is prepared to deliver authentic aroma and flavour for traditional cooking. Suitable for seasoning a variety of dishes.,"Asafoetida (70 %), Wheat Flour, Arabic Gum","Energy: 30 KJ, Total Fat: 0 g,  Carbohydrates: 3g, Protein: 0 g , sodium 0 mg (per 100g)",India,"Store in a cool, dry place away from direct sunlight.",• Strong and authentic flavour • Rich aroma • Traditional cooking essential • Enhances taste naturally • Suitable for various recipes,"Pavithram Foods Pvt. Ltd., Kerala, India ",,,
100,Ginger garlic paste,Ginger garlic paste,300 g,Pavithram Ginger Garlic Paste is made using quality ginger and garlic for convenience and consistent flavour. Ideal for a wide range of culinary preparations.,,,India,"Store in a cool, dry place away from direct sunlight.",• Convenient to use • Rich flavour and aroma • Saves preparation time • Suitable for various recipes • Ideal for everyday cooking,"Pavithram Foods Pvt. Ltd., Kerala, India ",,,
101,Coffee ,Coffee ,100 g,Pavithram Coffee is prepared from quality coffee beans to deliver a rich aroma and satisfying taste. Perfect for enjoying a refreshing cup any time of the day.,Coffee,,India,"Store in a cool, dry place away from direct sunlight.",• Rich aroma and flavour • Refreshing beverage • Consistent quality • Easy to prepare ,"Pavithram Foods Pvt. Ltd., Kerala, India ",,,
102,Tea,Tea,100 g,Pavithram Tea is sourced from quality tea leaves and processed to provide a refreshing taste and pleasant aroma. Suitable for everyday consumption.,Tea,,India,"Store in a cool, dry place away from direct sunlight.",• Refreshing taste • Rich aroma • Consistent quality • Easy to prepare,"Pavithram Foods Pvt. Ltd., Kerala, India ",,,
103,Chukkukapi,Chukkukapi,150 g,Pavithram Chukkukapi is a traditional blend prepared from quality ingredients to deliver authentic flavour and aroma. Ideal for enjoying a warm and comforting beverage.,"Palm Jaggery, Dried Ginger,
Coriander, Coffee, Black Pepper, Cumin, and
Long Pepper.","Energy: 202 KJ, Total Fat: 2 g, Saturated fat : 1 g ,Carbohydrates: 48 g, Protein: 2 g , sodium 36 mg (per 100g)",India,"Store in a cool, dry place away from direct sunlight.",• Traditional beverage mix • Rich flavour and aroma • Easy to prepare • Authentic taste,"Pavithram Foods Pvt. Ltd., Kerala, India ",,,
104,Nannari sarbath ,Nannari sarbath ,750 ml,Pavithram Nannari Sarbath is prepared using quality ingredients to deliver a refreshing and flavourful drink experience. Perfect for serving chilled.,"Sugar, Water, Glucose, Sarsaparilla Extract, (0.4%) Acidity Regulator Emulsifier(INS415), and Caramel(E 150 a).","Energy: 48 kcal, Total Fat:0 g, Saturated fat :0 g,Trans fat:0 g, Carbohydrates: 12g, Protein: 0 g, Cholesterol: 0mg ,sodium: 0 mg ,Dietary fiber :0g Total sugar :12 g (per seving)",India,"Store in a cool, dry place away from direct sunlight.",• Refreshing flavour • Easy to prepare • Traditional beverage • Pleasant aroma • Ideal for serving chilled,"Pavithram Foods Pvt. Ltd., Kerala, India ",,,
105,Nellika kanthari ,Nellika kanthari ,750 ml,Pavithram Nellika Kanthari is crafted using quality gooseberries and kanthari chillies for a unique blend of flavours. Ideal as a flavourful accompaniment to meals.,"Gooseberry,brids eye chillies,ginger,curryleaf","Energy: 18 kcal, Total Fat:0 g, Saturated fat :0 g,Trans fat:0 g, Carbohydrates: 2g, Protein: 0 g, Cholesterol: 0mg ,sodium: 0 mg ,Dietary fiber :0.5g Total sugar :0.6 g (per seving)",India,"Store in a cool, dry place away from direct sunlight.",• Unique flavour combination • Traditional preparation • Rich and tangy taste • Enhances meal experience • Ready to serve,"Pavithram Foods Pvt. Ltd., Kerala, India ",,,
106,Phool makkana,Grocery ,100 g,Pavithram Phool Makhana is sourced from quality lotus seeds and processed to ensure freshness and consistency. Suitable for snacking and a variety of recipes.,Phool makkana,,India,"Store in a cool, dry place away from direct sunlight.",• Light and crunchy • Naturally nutritious • Versatile ingredient • Suitable for snacking • Ideal for everyday consumption,"Pavithram Foods Pvt. Ltd., Kerala, India ",,,
107,Kasuri methi,Grocery,50 g,Pavithram Kasuri Methi is prepared from carefully dried fenugreek leaves to deliver authentic aroma and flavour. Ideal for enhancing a variety of dishes.,Kasuri methi,,India,"Store in a cool, dry place away from direct sunlight.",• Rich aroma and flavour • Enhances taste naturally • Traditional culinary ingredient • Suitable for various recipes • Ideal for everyday cooking,"Pavithram Foods Pvt. Ltd., Kerala, India ",,,
108,Coconut half (copra / dried),Coconut  (copra / dried),1 pcs,"Pavithram Coconut Half (Copra) is prepared from quality mature coconuts and carefully dried to retain its natural flavour and freshness. Suitable for cooking, traditional recipes, and various culinary applications.", Dried Coconut half,"Energy: 360kcal, Total Fat:33g, Saturated fat :29 g,Trans fat:0 g, Carbohydrates: 12g, Protein: 3 g, Cholesterol: 0mg ,sodium: 20 mg ,Dietary fiber :8 g Total sugar :3g (per 100g)",India,"Store in a cool, dry place away from direct sunlight.",• Made from quality coconuts • Rich natural flavour • Versatile ingredient • Suitable for various recipes • Ideal for everyday cooking,"Pavithram Foods Pvt. Ltd., Kerala, India ",,,
109,Coconut Whole ( copra / dried),Coconut ( copra / dried),1 pcs,"Pavithram Coconut Whole (Copra) is prepared from quality mature coconuts and naturally dried to retain its authentic flavour and freshness. Suitable for cooking, traditional recipes, and various culinary applications.", Dried Coconut whole,"Energy: 360kcal, Total Fat:33g, Saturated fat :29 g,Trans fat:0 g, Carbohydrates: 12g, Protein: 3 g, Cholesterol: 0mg ,sodium: 20 mg ,Dietary fiber :8 g Total sugar :3g (per 100g)",India,"Store in a cool, dry place away from direct sunlight.",• Made from quality coconuts • Rich natural flavour • Traditional food ingredient • Versatile for various recipes • Ideal for everyday cooking,"Pavithram Foods Pvt. Ltd., Kerala, India ",,,
110,Rice flakes Red,Rice flakes,500 g,Pavithram Red Rice Flakes are prepared from premium-quality red rice and processed under strict quality standards for freshness and consistency. Ideal for traditional breakfast and snack preparations.,Rice flakes Red,,India,"Store in a cool, dry place away from direct sunlight.",• Made from quality red rice • Light and easy to prepare • Traditional breakfast ingredient • Versatile for various recipes • Suitable for everyday use,"Pavithram Foods Pvt. Ltd., Kerala, India ",,,
111,Rice flakes white,Rice flakes ,1 kg,Pavithram White Rice Flakes are processed from quality rice grains to ensure freshness and consistent quality. Suitable for preparing a variety of traditional and quick meals.,Rice flakes white,,India,"Store in a cool, dry place away from direct sunlight.",• Made from quality rice • Light and easy to prepare • Traditional food ingredient • Versatile for various recipes • Ideal for everyday consumption,"Pavithram Foods Pvt. Ltd., Kerala, India ",,,
112,Fish Curry Gravy Mix,READY TO COOK,400g,Pavithram Fish Curry Gravy Mix is expertly blended using quality spices and ingredients to help prepare authentic fish curry with ease. Ideal for traditional and everyday cooking.,"CHILLI,TURMERIC,GINGER,GARLIC,BLACK PEPPER,EDIBLE VEGETABLE OIL(SUN FLOWER OIL),KOKUM,PURIFIED WATER,ONION,SALT AND ANTIOXIDANT (E319)",,India,"Store in a cool, dry place away from direct sunlight.",• Rich and authentic flavour • Convenient to use • Saves preparation time • Consistent taste in every serving • Ideal for fish curries,"Pavithram Foods Pvt. Ltd., Kerala, India ",,,
113,Butter Chicken Gravy Mix,READY TO COOK,400g,Pavithram Butter Chicken Gravy Mix is crafted with aromatic spices and quality ingredients to deliver rich restaurant-style flavour. Perfect for preparing delicious butter chicken at home.,"WATER,ONION,TOMATO(11%),EDIBLE VEGETABLE OIL(SUNFLOWER OIL)MILK SOLIDS,SPICES AND CONDIMENTS(GINGER,CORIANDER,CHILLI,CARDAMOM,CUMIN,TURMERIC)CASHEW NUTS,SALT,WATER MELON SEED,GARSUGAR",,India,"Store in a cool, dry place away from direct sunlight.",• Rich and creamy flavour • Convenient to use • Saves preparation time • Consistent taste and aroma • Ideal for butter chicken recipes,"Pavithram Foods Pvt. Ltd., Kerala, India ",,,
114,Chicken Curry Gravy Mix,READY TO COOK,400g,Pavithram Chicken Curry Gravy Mix is prepared using a balanced blend of spices to create flavourful chicken curries with ease. Suitable for everyday cooking.,"CHILLI,CORIANDER,GINGER,GARLIC,ONION,PURIFIED WATER,EDIBLE VGETABLE OIL(SUN FLOWER OIL),TOMATO,FENNEL,CINNAMON,SALTANDANTIOXIDANT(E319)",,India,"Store in a cool, dry place away from direct sunlight.",• Authentic curry flavour • Convenient to use • Saves preparation time • Rich aroma and taste • Ideal for chicken dishes,"Pavithram Foods Pvt. Ltd., Kerala, India ",,,
115,Meat Curry Gravy Mix,READY TO COOK,400g,Pavithram Meat Curry Gravy Mix is blended with selected spices and ingredients to help prepare rich and flavourful meat curries. Perfect for traditional recipes.,"CHILLI,TURMERIC,GINGER,EDIBLE VEGETABLE OIL(SUN FLOWER OIL)KOKUM,PURIFIED WATER,ONION,SALT AND ANTIOXIDANT (E319)",,India,"Store in a cool, dry place away from direct sunlight.",• Rich and authentic flavour • Convenient to use • Enhances taste naturally • Saves preparation time • Ideal for meat curries,"Pavithram Foods Pvt. Ltd., Kerala, India ",,,
116,Biriyani Gravy Mix,READY TO COOK,200g,Pavithram Biriyani Gravy Mix is formulated with aromatic spices to help create flavourful biriyani with ease. Ideal for special occasions and everyday cooking.,,,India,"Store in a cool, dry place away from direct sunlight.",• Rich biriyani flavour • Aromatic spice blend • Convenient to use • Saves preparation time • Ideal for biriyani preparation,"Pavithram Foods Pvt. Ltd., Kerala, India ",,,
117,Coconut Varuthara Gravy Mix,READY TO COOK,400g,Pavithram Coconut Varutharacha Gravy Mix is prepared using roasted coconut and traditional spices to deliver authentic Kerala-style flavour. Ideal for preparing traditional curries.,,,India,"Store in a cool, dry place away from direct sunlight.",• Authentic Kerala flavour • Rich roasted coconut taste • Convenient to use • Saves preparation time • Ideal for traditional curries,"Pavithram Foods Pvt. Ltd., Kerala, India ",,,
118,Tandoori Chicken Masala Paste,READY TO COOK,400g,Pavithram Tandoori Chicken Masala Paste is crafted with a blend of spices and seasonings to deliver authentic tandoori flavour. Perfect for marinating and grilling chicken.,"WATER SPICES AND CONDIMENTS(CHILLI,CUMIN,GINGER,FENNEL,CORIANDER,TURMERIC),CORN STARCH,SALT,MILK SOLIDS,EDIBLE VEGETABLE OIL(MUSTARD OIL),GARLIC,ACIDITY REGLATORS(E270,E451(1),E330AND HERBS)",,India,"Store in a cool, dry place away from direct sunlight.",• Authentic tandoori taste • Ready-to-use paste • Rich flavour and aroma • Easy marination • Ideal for grilling and roasting,"Pavithram Foods Pvt. Ltd., Kerala, India ",,,
119,Chicken Tikka Paste,READY TO COOK,400g,"Pavithram Chicken Tikka Paste is blended with aromatic spices to help prepare delicious chicken tikka effortlessly. Suitable for grilling, roasting, and barbecuing.","WATER,EDIBLE VEGETABLE OIL(MUSTARD OIL,SUNFLOWER OIL,SPICES AND CONDIMENTS (CHILLI,GINGER,TURMERIC,CUMIN),GARLIC,SALT,GRAM FLOUR,ACIDITY REGULATOR(E451(1),E330,E260)AND HERBS",,India,"Store in a cool, dry place away from direct sunlight.",• Authentic tikka flavour • Ready-to-use paste • Rich aroma and taste • Easy to prepare • Ideal for grilling and roasting,"Pavithram Foods Pvt. Ltd., Kerala, India ",,,
120,Fish Fry Masala Paste,READY TO COOK,400g,Pavithram Fish Fry Masala Paste is prepared using quality spices and seasonings to deliver rich flavour and aroma. Ideal for marinating and frying fish.,"Chilli, Turmeric, Ginger, Garlic, Black Pepper, Purified Water, Onion, Edible Vegetable Oil (Sunflower Oil), Acidity Regulator (E 260), Salt and Antioxidant (E 319).",,India,"Store in a cool, dry place away from direct sunlight.",• Rich and spicy flavour • Ready-to-use paste • Easy marination • Enhances taste naturally • Ideal for fish fry preparations,"Pavithram Foods Pvt. Ltd., Kerala, India ",,,
121,Jaggery ball,Jaggery,"500 g,1 kg",Pavithram Jaggery Ball is prepared from quality sugarcane extract and processed under strict quality standards to retain its authentic taste. Ideal for traditional recipes and sweet preparations.,"Sugar Cane Juice
","Energy: 799 KJ , Total Fat: 0.05 g,  Carbohydrates: 49g, Protein: 0.2 g , sodium 0 mg, Total sugar 48g ,Sodium 10 mg (per serving)",India,"Store in a cool, dry place away from direct sunlight.",• Natural sweetening option • Rich traditional taste • Suitable for various recipes • Easy to use • Ideal for everyday cooking,"Pavithram Foods Pvt. Ltd., Kerala, India ",,,
122,Jaggery cube,Jaggery,"500 g, 1 kg","Pavithram Jaggery Cube is crafted for convenience and consistent quality, making it easy to use in beverages and recipes. Suitable for traditional and modern preparations.","Sugar Cane Juice
","Energy: 15 kcal, Total Fat: 0 g,  Carbohydrates: 4g, Protein: 0 g , sodium 0 mg, Total sugar 4 g (per serving )",India,"Store in a cool, dry place away from direct sunlight.",• Convenient to use • Natural sweetening option • Rich traditional taste • Easy to dissolve • Suitable for various recipes,"Pavithram Foods Pvt. Ltd., Kerala, India ",,,
123,Jaggery powder,Jaggery,"500 g,1 kg","Pavithram Jaggery Powder is finely processed for easy mixing and consistent quality. Perfect for sweet dishes, beverages, and everyday cooking.","Sugar Cane Juice
",,India,"Store in a cool, dry place away from direct sunlight.",• Easy to mix and dissolve • Natural sweetening option • Rich traditional taste • Convenient to use • Suitable for various recipes,"Pavithram Foods Pvt. Ltd., Kerala, India ",,,
124,Palm Candy,Jaggery,200 g,Pavithram Palm Candy is prepared from quality palm sap and processed to ensure purity and freshness. Ideal for beverages and traditional preparations.,,,India,"Store in a cool, dry place away from direct sunlight.",• Natural sweetening option • Mild and pleasant taste • Easy to use • Suitable for beverages • Traditional ingredient,"Pavithram Foods Pvt. Ltd., Kerala, India ",,,
125,Palm Sugar,Jaggery,500g,Pavithram Palm Sugar is carefully processed to deliver authentic taste and quality. Suitable for sweetening beverages and traditional recipes.,,,India,"Store in a cool, dry place away from direct sunlight.",• Natural sweetening option • Rich traditional flavour • Easy to use • Suitable for various recipes • Ideal for everyday use,"Pavithram Foods Pvt. Ltd., Kerala, India ",,,
126,Coconut Sugar,Jaggery,500g,Pavithram Coconut Sugar is sourced from quality coconut palm sap and processed to maintain its natural flavour. Ideal for sweetening beverages and desserts.,,,India,"Store in a cool, dry place away from direct sunlight.",• Natural sweetening option • Distinctive flavour • Easy to use • Suitable for beverages and desserts • Traditional ingredient,"Pavithram Foods Pvt. Ltd., Kerala, India ",,,
127,Palm Jaggery,Jaggery,500g,Pavithram Palm Jaggery is prepared from premium-quality palm sap and processed under strict quality standards. Ideal for traditional recipes and beverages.,,,India,"Store in a cool, dry place away from direct sunlight.",• Rich traditional taste • Natural sweetening option • Suitable for various recipes • Easy to use • Traditional ingredient,"Pavithram Foods Pvt. Ltd., Kerala, India ",,,
128,Palm Jaggery Powder,Jaggery,400g,"Pavithram Palm Jaggery Powder is finely processed for convenience and consistent quality. Suitable for beverages, desserts, and everyday cooking.",,,India,"Store in a cool, dry place away from direct sunlight.",• Easy to mix and dissolve • Natural sweetening option • Rich traditional flavour • Convenient to use • Suitable for various recipes,"Pavithram Foods Pvt. Ltd., Kerala, India ",,,
129,Matta rice Vadi,Rice,"5 kg , 10 kg, 20 kg",Pavithram Matta Rice Vadi is produced from quality matta rice and processed to maintain its authentic taste and texture. Suitable for traditional Kerala meals.,Rice,,India,"Store in a cool, dry place away from direct sunlight.",• Authentic Kerala rice variety • Rich texture • Suitable for traditional recipes • Consistent quality • Ideal for everyday meals,"Pavithram Foods Pvt. Ltd., Kerala, India ",,,
130,Matta Rice Unda,Rice,"5 kg , 10 kg, 20 kg",Pavithram Matta Rice Unda is prepared from premium-quality matta rice and processed under strict quality standards. Ideal for traditional cooking.,Rice,,India,"Store in a cool, dry place away from direct sunlight.",• Authentic traditional rice • Rich texture and flavour • Suitable for daily meals • Consistent quality • Ideal for Kerala cuisine,"Pavithram Foods Pvt. Ltd., Kerala, India ",,,
131,Idly Rice,Rice,"5 kg , 10 kg, 20 kg",Pavithram Idly Rice is carefully processed to help prepare soft and fluffy idlis. Suitable for traditional breakfast preparations.,Rice,,India,"Store in a cool, dry place away from direct sunlight.",• Ideal for idli preparation • Consistent cooking results • Quality rice grains • Suitable for breakfast recipes • Easy to use,"Pavithram Foods Pvt. Ltd., Kerala, India ",,,
132,Ponni Boiled Rice,Rice,"5 kg , 10 kg, 20 kg",Pavithram Ponni Boiled Rice is sourced from quality paddy and processed to ensure consistency and freshness. Suitable for everyday meals.,Rice,,India,"Store in a cool, dry place away from direct sunlight.",• Soft and fluffy texture • Suitable for daily meals • Consistent quality • Easy to cook • Ideal for South Indian cuisine,"Pavithram Foods Pvt. Ltd., Kerala, India ",,,
133,Ponni Raw Rice,Rice,"5 kg , 10 kg, 20 kg",Pavithram Ponni Raw Rice is processed from premium-quality rice grains to deliver excellent taste and texture. Suitable for a variety of dishes.,Rice,,India,"Store in a cool, dry place away from direct sunlight.",• Fine texture and taste • Suitable for everyday cooking • Consistent quality • Easy to prepare • Versatile rice variety,"Pavithram Foods Pvt. Ltd., Kerala, India ",,,
134,Jeerakasala Rice,Rice,"5 kg , 10 kg, 20 kg",Pavithram Jeerakasala Rice is a premium aromatic rice variety known for its unique fragrance and texture. Ideal for biriyani and special dishes.,Rice,"Energy: 157 kcal, Total Fat: 0.27g,  Carbohydrates: 35.55g, Protein: 3.15 g , sodium 6.7 mg, Total sugar 0.36 g, Dietary fibre 1.17 g (per serving )",India,"Store in a cool, dry place away from direct sunlight.",• Naturally aromatic • Premium rice variety • Ideal for biriyani • Excellent texture • Suitable for special occasions,"Pavithram Foods Pvt. Ltd., Kerala, India ",,,
135,Sona Masoori - raw,Rice,"5 kg , 10 kg, 20 kg",Pavithram Sona Masoori Raw Rice is sourced from quality rice grains and processed to maintain freshness and purity. Suitable for everyday cooking.,Rice,,India,"Store in a cool, dry place away from direct sunlight.",• Lightweight rice variety • Soft texture after cooking • Suitable for daily meals • Consistent quality • Easy to cook,"Pavithram Foods Pvt. Ltd., Kerala, India ",,,
136,,,,,,,,,,,,,
137,,,,,,,,,,,,,
138,,,,,,,,,,,,,